{"cameraMode":{"drawMode":0,"name":"Shaded","section":"Shading Mode"},"sceneLighting":true,"audioPlay":false,"sceneViewState":{"m_AlwaysRefresh":false,"showFog":true,"showSkybox":true,"showFlares":true,"showImageEffects":true,"showParticleSystems":true,"showVisualEffectGraphs":true,"m_FxEnabled":true},"in2DMode":false,"pivot":{"x":1.7000000476837159,"y":-0.09494268894195557,"z":-0.4782683849334717},"rotation":{"x":0.0007878682226873934,"y":-0.900320291519165,"z":0.0016291448846459389,"w":0.43522801995277407},"size":41.87433624267578,"orthographic":false}